{
  "mean": [
    3.8741039426523294,
    0.4443372569783861,
    0.4722704714640198,
    0.6862588151096216,
    3.6908602150537635,
    4.299193548387096,
    0.5188172043010753,
    4.691666666666667,
    0.5994623655913979,
    2.754032258064516
  ],
  "std": [
    1.848690147213052,
    0.32340888299005544,
    0.3580327611454474,
    0.3238281541510289,
    1.738637401161678,
    2.998310347684783,
    0.49964578735569426,
    2.915533189892032,
    0.49000738548614053,
    1.4979770872073201
  ],
  "features": [
    "Hier",
    "Gov",
    "Info",
    "Infra",
    "Weapon",
    "Armor",
    "Cavalry",
    "Defense",
    "Iron",
    "ReligLev"
  ],
  "medians": {
    "Hier": 4.0,
    "Gov": 0.5,
    "Info": 0.526923076923077,
    "Infra": 0.833333333333333,
    "Weapon": 4.0,
    "Armor": 4.9,
    "Cavalry": 1.0,
    "Defense": 5.0,
    "Iron": 1.0,
    "ReligLev": 2.5
  }
}